eps_eV,k_iz_m3_per_s,K_eV_m3_per_s
0.000000000000000000e+00,0.000000000000000000e+00,0.000000000000000000e+00
1.000000000000000000e+00,1.412000000000000028e-22,3.451589999999999866e-19
2.000000000000000000e+00,3.939999999999999835e-18,4.523200000000000214e-16
3.000000000000000000e+00,1.080000000000000046e-16,6.230999999999999684e-15
4.000000000000000000e+00,5.982000000000000371e-16,2.516720000000000079e-14
5.000000000000000000e+00,1.720999999999999961e-15,6.059500000000000585e-14
6.000000000000000000e+00,3.574999999999999913e-15,1.116900000000000017e-13
7.000000000000000000e+00,6.102000000000000152e-15,1.754059999999999950e-13
8.000000000000000000e+00,9.187000000000000385e-15,2.483440000000000170e-13
9.000000000000000000e+00,1.273999999999999955e-14,3.281400000000000033e-13
1.000000000000000000e+01,1.654999999999999953e-14,4.102999999999999784e-13
1.100000000000000000e+01,2.078999999999999901e-14,4.990700000000000131e-13
1.200000000000000000e+01,2.509000000000000025e-14,5.860799999999999624e-13
1.300000000000000000e+01,2.960999999999999954e-14,6.754799999999999652e-13
1.400000000000000000e+01,3.409000000000000292e-14,7.625799999999999677e-13
1.500000000000000000e+01,3.856000000000000180e-14,8.480999999999999910e-13
1.600000000000000000e+01,4.318999999999999696e-14,9.345600000000000083e-13
1.700000000000000000e+01,4.784999999999999932e-14,1.019149999999999954e-12
1.800000000000000000e+01,5.224999999999999824e-14,1.098900000000000094e-12
1.900000000000000000e+01,5.688000000000000603e-14,1.182179999999999916e-12
2.000000000000000000e+01,6.075999999999999808e-14,1.252800000000000074e-12
2.100000000000000000e+01,6.565000000000000299e-14,1.336649999999999964e-12
2.200000000000000000e+01,6.999000000000000015e-14,1.412620000000000094e-12
2.300000000000000000e+01,7.429000000000000455e-14,1.486030000000000081e-12
2.400000000000000000e+01,7.827999999999999562e-14,1.553280000000000021e-12
2.500000000000000000e+01,8.248000000000000549e-14,1.623000000000000052e-12
2.600000000000000000e+01,8.660000000000000460e-14,1.692600000000000078e-12
2.700000000000000000e+01,9.063000000000000106e-14,1.759589999999999977e-12
2.800000000000000000e+01,9.448999999999999673e-14,1.820279999999999995e-12
2.900000000000000000e+01,9.835000000000000502e-14,1.883549999999999986e-12
3.000000000000000000e+01,1.014000000000000021e-13,1.931999999999999846e-12
3.100000000000000000e+01,1.058000000000000010e-13,2.005699999999999824e-12
3.200000000000000000e+01,1.094000000000000059e-13,2.060799999999999862e-12
3.300000000000000000e+01,1.129999999999999981e-13,2.118599999999999879e-12
3.400000000000000000e+01,1.165000000000000085e-13,2.172599999999999850e-12
3.500000000000000000e+01,1.199999999999999935e-13,2.222499999999999870e-12
3.600000000000000000e+01,1.231000000000000005e-13,2.275199999999999837e-12
3.700000000000000000e+01,1.267000000000000054e-13,2.331000000000000064e-12
3.800000000000000000e+01,1.299000000000000069e-13,2.378799999999999921e-12
3.900000000000000000e+01,1.332000000000000029e-13,2.429700000000000037e-12
4.000000000000000000e+01,1.355999999999999978e-13,2.464000000000000002e-12
4.100000000000000000e+01,1.393999999999999917e-13,2.525600000000000063e-12
4.200000000000000000e+01,1.424000000000000041e-13,2.566200000000000112e-12
4.300000000000000000e+01,1.455000000000000111e-13,2.614399999999999846e-12
4.400000000000000000e+01,1.481999999999999895e-13,2.653200000000000044e-12
4.500000000000000000e+01,1.512000000000000020e-13,2.699999999999999804e-12
4.600000000000000000e+01,1.540000000000000001e-13,2.737000000000000152e-12
4.700000000000000000e+01,1.568999999999999928e-13,2.782399999999999938e-12
4.800000000000000000e+01,1.594000000000000074e-13,2.817600000000000030e-12
4.900000000000000000e+01,1.623000000000000001e-13,2.861599999999999843e-12
5.000000000000000000e+01,1.646999999999999949e-13,2.895000000000000084e-12
5.100000000000000000e+01,1.674999999999999931e-13,2.942699999999999972e-12
5.200000000000000000e+01,1.700000000000000077e-13,2.974399999999999928e-12
5.300000000000000000e+01,1.725999999999999916e-13,3.010400000000000178e-12
5.400000000000000000e+01,1.751000000000000062e-13,3.045599999999999867e-12
5.500000000000000000e+01,1.774000000000000064e-13,3.085500000000000131e-12
5.600000000000000000e+01,1.798000000000000013e-13,3.113599999999999981e-12
5.700000000000000000e+01,1.821999999999999961e-13,3.152099999999999867e-12
5.800000000000000000e+01,1.844999999999999964e-13,3.184200000000000104e-12
5.900000000000000000e+01,1.867999999999999967e-13,3.215500000000000183e-12
6.000000000000000000e+01,1.867000000000000022e-13,3.209999999999999853e-12
6.100000000000000000e+01,1.912000000000000082e-13,3.275699999999999866e-12
6.200000000000000000e+01,1.933999999999999888e-13,3.304599999999999874e-12
6.300000000000000000e+01,1.955000000000000000e-13,3.338999999999999808e-12
6.400000000000000000e+01,1.973000000000000024e-13,3.359999999999999819e-12
6.500000000000000000e+01,1.996000000000000027e-13,3.399499999999999802e-12
6.600000000000000000e+01,2.014000000000000052e-13,3.412199999999999940e-12
6.700000000000000000e+01,2.037000000000000055e-13,3.443799999999999927e-12
6.800000000000000000e+01,2.053999999999999881e-13,3.468000000000000167e-12
6.900000000000000000e+01,2.075999999999999939e-13,3.498300000000000149e-12
7.000000000000000000e+01,2.093000000000000018e-13,3.527999999999999911e-12
7.100000000000000000e+01,2.112999999999999933e-13,3.557099999999999858e-12
7.200000000000000000e+01,2.125000000000000033e-13,3.564000000000000162e-12
7.300000000000000000e+01,2.149999999999999926e-13,3.598899999999999942e-12
7.400000000000000000e+01,2.167999999999999951e-13,3.626000000000000100e-12
7.500000000000000000e+01,2.182999999999999887e-13,3.644999999999999918e-12
7.600000000000000000e+01,2.199999999999999966e-13,3.670800000000000070e-12
7.700000000000000000e+01,2.219999999999999881e-13,3.695999999999999599e-12
7.800000000000000000e+01,2.232999999999999926e-13,3.712800000000000093e-12
7.900000000000000000e+01,2.253000000000000093e-13,3.744600000000000018e-12
8.000000000000000000e+01,2.260999999999999908e-13,3.752000000000000168e-12
8.100000000000000000e+01,2.284999999999999856e-13,3.790800000000000367e-12
8.200000000000000000e+01,2.300999999999999990e-13,3.804800000000000105e-12
8.300000000000000000e+01,2.317000000000000124e-13,3.826300000000000367e-12
8.400000000000000000e+01,2.327999999999999774e-13,3.847200000000000005e-12
8.500000000000000000e+01,2.346999999999999996e-13,3.867499999999999828e-12
8.600000000000000000e+01,2.361999999999999932e-13,3.887199999999999835e-12
8.700000000000000000e+01,2.376999999999999868e-13,3.906300000000000026e-12
8.800000000000000000e+01,2.391000000000000111e-13,3.933600000000000122e-12
8.900000000000000000e+01,2.404999999999999850e-13,3.951600000000000247e-12
9.000000000000000000e+01,2.414000000000000114e-13,3.960000000000000090e-12
9.100000000000000000e+01,2.432999999999999831e-13,3.985800000000000243e-12
9.200000000000000000e+01,2.447000000000000075e-13,4.002000000000000113e-12
9.300000000000000000e+01,2.460000000000000120e-13,4.017600000000000168e-12
9.400000000000000000e+01,2.473999999999999859e-13,4.032599999999999599e-12
9.500000000000000000e+01,2.486999999999999904e-13,4.056499999999999931e-12
9.600000000000000000e+01,2.494999999999999971e-13,4.070400000000000104e-12
9.700000000000000000e+01,2.512999999999999995e-13,4.083699999999999654e-12
9.800000000000000000e+01,2.524999999999999843e-13,4.106199999999999608e-12
9.900000000000000000e+01,2.537000000000000196e-13,4.118399999999999900e-12
1.000000000000000000e+02,2.539000000000000086e-13,4.120000000000000216e-12
1.010000000000000000e+02,2.562000000000000089e-13,4.151099999999999952e-12
1.020000000000000000e+02,2.573000000000000245e-13,4.171799999999999652e-12
1.030000000000000000e+02,2.585999999999999785e-13,4.181799999999999811e-12
1.040000000000000000e+02,2.596999999999999940e-13,4.201600000000000191e-12
1.050000000000000000e+02,2.608000000000000095e-13,4.210500000000000285e-12
1.060000000000000000e+02,2.619999999999999943e-13,4.229399999999999730e-12
1.070000000000000000e+02,2.631000000000000098e-13,4.237199999999999757e-12
1.080000000000000000e+02,2.641999999999999749e-13,4.244399999999999969e-12
1.090000000000000000e+02,2.652999999999999904e-13,4.272800000000000130e-12
1.100000000000000000e+02,2.664000000000000059e-13,4.278999999999999841e-12
1.110000000000000000e+02,2.674000000000000016e-13,4.295699999999999962e-12
1.120000000000000000e+02,2.685000000000000171e-13,4.300799999999999607e-12
1.130000000000000000e+02,2.695000000000000129e-13,4.316599999999999600e-12
1.140000000000000000e+02,2.703999999999999888e-13,4.331999999999999717e-12
1.150000000000000000e+02,2.715000000000000043e-13,4.346999999999999956e-12
1.160000000000000000e+02,2.725000000000000001e-13,4.361600000000000317e-12
1.170000000000000000e+02,2.734999999999999958e-13,4.375799999999999994e-12
1.180000000000000000e+02,2.744999999999999916e-13,4.377800000000000188e-12
1.190000000000000000e+02,2.754000000000000180e-13,4.402999999999999717e-12
1.200000000000000000e+02,2.741000000000000134e-13,4.380000000000000320e-12
1.210000000000000000e+02,2.772999999999999897e-13,4.416500000000000013e-12
1.220000000000000000e+02,2.782000000000000162e-13,4.428599999999999931e-12
1.230000000000000000e+02,2.790999999999999921e-13,4.440299999999999972e-12
1.240000000000000000e+02,2.800000000000000186e-13,4.451600000000000136e-12
1.250000000000000000e+02,2.807000000000000055e-13,4.462499999999999615e-12
1.260000000000000000e+02,2.817000000000000013e-13,4.473000000000000025e-12
1.270000000000000000e+02,2.826999999999999970e-13,4.483099999999999749e-12
1.280000000000000000e+02,2.835000000000000037e-13,4.492799999999999597e-12
1.290000000000000000e+02,2.843999999999999797e-13,4.502100000000000375e-12
1.300000000000000000e+02,2.846999999999999885e-13,4.510999999999999661e-12
1.310000000000000000e+02,2.859999999999999930e-13,4.532600000000000296e-12
1.320000000000000000e+02,2.861999999999999821e-13,4.527600000000000216e-12
1.330000000000000000e+02,2.876000000000000064e-13,4.548600000000000227e-12
1.340000000000000000e+02,2.884000000000000131e-13,4.556000000000000378e-12
1.350000000000000000e+02,2.892000000000000198e-13,4.562999999999999843e-12
1.360000000000000000e+02,2.899999999999999760e-13,4.569600000000000239e-12
1.370000000000000000e+02,2.907999999999999827e-13,4.575799999999999950e-12
1.380000000000000000e+02,2.914000000000000003e-13,4.581599999999999784e-12
1.390000000000000000e+02,2.922999999999999763e-13,4.600899999999999914e-12
1.400000000000000000e+02,2.925000000000000158e-13,4.606000000000000367e-12
1.410000000000000000e+02,2.938000000000000204e-13,4.610700000000000135e-12
1.420000000000000000e+02,2.945000000000000073e-13,4.615000000000000025e-12
1.430000000000000000e+02,2.951999999999999942e-13,4.633200000000000089e-12
1.440000000000000000e+02,2.951999999999999942e-13,4.636799999999999791e-12
1.450000000000000000e+02,2.966000000000000186e-13,4.639999999999999616e-12
1.460000000000000000e+02,2.973000000000000055e-13,4.657399999999999925e-12
1.470000000000000000e+02,2.979999999999999924e-13,4.659900000000000369e-12
1.480000000000000000e+02,2.986000000000000100e-13,4.676799999999999621e-12
1.490000000000000000e+02,2.992999999999999969e-13,4.678599999999999875e-12
1.500000000000000000e+02,2.983000000000000012e-13,4.665000000000000014e-12
